"Kelp.Taxon","X","Authors..Year.","ID","Site","Lat","Long","Management_.OA_MPA_MEARB_Other.","Temporal_Scale","Mean.kelp","Mean.no.Kelp","Mean...one.error.bar.Kelp","Mean...one.error.bar.no.Kelp","Error.Kelp","Error.no.Kelp","Error.Type","Variable","N..Kelp.","N..no.kelp.","Unit.Dimensions","Area..m2.","Notes.on.Type.of.study","Comments","Clearing.Size..m.2.","Time.Until.Resampling..days.","Mean.Depth..m.","Inferred.Mechanism.of.Clearing..experiment_storm_heat.wave_barren_kelp.addition.","Type.of.Study..Experimental_ObservatioNAl.","Observational.Study.Type..Spatial..Temporal.","Single.Species...yes.no.","Total.Abundance...yes.no.","Species.Richness...yes.no.","Biomass...yes.no.","Clearing.Response..algae_barren_kelp.","Survey.Type..quadrat..transect..video..photo..Net.Trap.","Short.Variable.Description","Latititude.in.Decimal.Degrees","Longitude.in.Decimal.Degrees","Juvenile..Adult..Both","sample.unit.area..m.2.","Total.Area.Sampled.per.Treatment..m.2..n.replicate.area.","Mean.kelp.t0","Mean.no.Kelp.t0","Mean...one.error.bar.Kelp.t0","Mean...one.error.bar.no.Kelp.t0","Error.Kelp.t0","Error.no.Kelp.t0","Error.Type.t0","Date.of.t0..dd.mm.yyyy.","Fish.Species","Order","Family","Trophic.level","Trophic.group","Total.Lenght..cm.","Biomass..gr.","Habitat.Association..Benthic.Pelagic.Demersal.","sd_kelp","sd_nokelp","rawLR","LR","VLR","Hedges.G","VHedges.G","Patch","Height..m.","Single.or.Multi.Stipe","Erect.or.Prostrate","Epibiont.Load.Potential","Comment","len","ECOREGION","PROVINCE","REALM"
"Carpophyllum flexuosum, Ecklonia radiata",1160,"Cole et al. (2012)","36","Port Hardy",-40.7,173.95,"OA","6 month July 2002-January 2003",54.75,42.85,63.43,51.9,8.68,9.05,"SE","Number of visits by number of individuals",5,5,"","1","Relationships between fishes and habitat variables (cleared and uncleared)","Fig. 5d",10,183,10,"experiment","Experimental","Temporal","no","yes","no","no","kelp","Quadrat","Number of visits by number of individuals",-40.7,173.95,"Adult",1,5,"23,26","26,11","29,09","32,69","5,83","6,58","SE","07-01-02",NA,NA,NA,NA,NA,NA,NA,NA,19.4090700446982,20.2364151963731,0.240102691522036,0.240102691522036,0.0668358892804617,0.541793410951013,0.414677005007497,"Mixed","1","Single","Erect","Medium ",NA,15,"Central New Zealand","Southern New Zealand","Temperate Australasia"
"Carpophyllum flexuosum, Ecklonia radiata",1159,"Cole et al. (2012)","36","Port Hardy",-40.7,173.95,"OA","3 month July 2002-October 2002",27.73,32.19,31.45,35.54,3.72,3.35,"SE","Number of visits by number of individuals",5,5,"","1","Relationships between fishes and habitat variables (cleared and uncleared)","Fig. 5d",10,90,10,"experiment","Experimental","Temporal","no","yes","no","no","kelp","Quadrat","Number of visits by number of individuals",-40.7,173.95,"Adult",1,5,"23,26","26,11","29,09","32,69","5,83","6,58","SE","07-01-02",NA,NA,NA,NA,NA,NA,NA,NA,8.31817287629922,7.4908277246243,-0.144306752740685,-0.144306752740685,0.0269531029798411,-0.508641239516817,0.41293579552686,"Mixed","1","Single","Erect","Medium ",NA,15,"Central New Zealand","Southern New Zealand","Temperate Australasia"
"Carpophyllum flexuosum, Ecklonia radiata",1158,"Cole et al. (2012)","36","Port Hardy",-40.7,173.95,"OA","1 month July 2002-August 2002",39.38,53.51,42.85,63.31,3.47,9.8,"SE","Number of visits by number of individuals",5,5,"","1","Relationships between fishes and habitat variables (cleared and uncleared)","Fig. 5d",10,30,10,"experiment","Experimental","Temporal","no","yes","no","no","kelp","Quadrat","Number of visits by number of individuals",-40.7,173.95,"Adult",1,5,"23,26","26,11","29,09","32,69","5,83","6,58","SE","07-01-02",NA,NA,NA,NA,NA,NA,NA,NA,7.75915588192427,21.9134661794979,-0.300049558191498,-0.300049558191498,0.0397067050587405,-0.775966062760919,0.430106166527834,"Mixed","1","Single","Erect","Medium ",NA,15,"Central New Zealand","Southern New Zealand","Temperate Australasia"
"Carpophyllum flexuosum, Ecklonia radiata",895,"Choat and Ayling (1987)","4","Sites (1-4 domiNAted by kelp) 5-8 domiNAted by barrens",-35.063,174.138,"OA","1 month of summer 1982",3.068,7.11,3.77,8.326666667,1.216666667,1.216666667,"SE","Reef fish > 150 mm SL",20,20,"Visual Census","500","Carpophyllum flexuosum and Ecklonia radiata vs coralline flat and echinoid-domiNAted reef","Response on Adult Fishes ",NA,NA,NA,NA,"Observational","Spatial","no","yes","no","no","no","Transect","Adult Fish assemblage ",-35.063,174.138,"Adult",500,2500,NA,NA,NA,NA,NA,NA,NA,NA,NA,NA,NA,NA,NA,NA,NA,NA,5.4410987467402,5.4410987467402,-0.689946389941008,-0.689946389941008,0.111956368808907,-0.728089385951087,0.106626426924183,"Mixed","1","Single","Erect","Medium ",NA,2,"Northeastern New Zealand","Northern New Zealand","Temperate Australasia"
"Carpophyllum flexuosum, Ecklonia radiata",894,"Choat and Ayling (1987)","4","Sites (1-4 domiNAted by kelp) 5-8 domiNAted by barrens",-35.063,174.138,"OA","1 month of summer 1982",90.676,10.94333333,103.948,14.44333333,3.5,3.5,"SE","Reef fish <50 mm SL",20,20,"Visual Census","500","Carpophyllum flexuosum and Ecklonia radiata vs coralline flat and echinoid-domiNAted reef","Response on Juvenile Fishes ",NA,NA,NA,NA,"Observational","Spatial","no","yes","no","no","no","Transect","Juvenile Fish assemblage ",-35.063,174.138,"Juvenile",500,2500,NA,NA,NA,NA,NA,NA,NA,NA,NA,NA,NA,NA,NA,NA,NA,NA,15.6524758424985,15.6524758424985,2.0380873796275,2.0380873796275,0.0873361595809952,4.99261693672306,0.411577798460675,"Mixed","1","Single","Erect","Medium ",NA,2,"Northeastern New Zealand","Northern New Zealand","Temperate Australasia"
"Ecklonia radiata",1,"Anderson and Millar (2004)","1","Bergham",-34.91666667,-174.5333333,"OA","2 Years",184.78,228.67,231.35,302.65,46.57,73.98,"SE","Mean Fish Abundance Year 1",10,10,"5x25 m","125","Ecklonia radiata vs Urchin Barrens (Evechinus chloroticus)","Sampling was conducted outside Marine Reserves Figures 5 a and b",NA,NA,10,NA,"Observational","Spatial","no","yes","no","no","no","transect","Fish abundance",-34.91666667,-174.5333333,"Both",125,1250,NA,NA,NA,NA,NA,NA,NA,NA,NA,NA,NA,NA,NA,NA,NA,NA,147.267270634041,233.945301299257,-0.212080318068948,-0.212080318068949,0.166594518854375,-0.215024421104995,0.201155887541788,"Single","1","Single","Erect","Low",NA,16,NA,NA,NA
"Ecklonia radiata",2,"Anderson and Millar (2004)","1","Home",-34.91666667,-174.5333333,"OA","2 Years",246.25,332.6,280.5,403.85,34.25,71.25,"SE","Mean Fish Abundance Year 1",10,10,"5x25 m","125","Ecklonia radiata vs Urchin Barrens (Evechinus chloroticus)","Sampling was conducted outside Marine Reserves Figures 5 a and b",NA,NA,10,NA,"Observational","Spatial","no","yes","no","no","no","transect","Fish abundance",-34.91666667,-174.5333333,"Both",125,1250,NA,NA,NA,NA,NA,NA,NA,NA,NA,NA,NA,NA,NA,NA,NA,NA,108.308009860767,225.312283286997,-0.29954269998177,-0.29954269998177,0.0648048800950352,-0.467794975629808,0.205470803480612,"Single","1","Single","Erect","Low",NA,16,NA,NA,NA
"Ecklonia radiata",3,"Anderson and Millar (2004)","1","Leigh",-34.91666667,-174.5333333,"OA","2 Years",51.55,70.78,57.02,98.19,5.47,27.41,"SE","Mean Fish Abundance Year 1",10,10,"5x25 m","125","Ecklonia radiata vs Urchin Barrens (Evechinus chloroticus)","Sampling was conducted outside Marine Reserves Figures 5 a and b",NA,NA,10,NA,"Observational","Spatial","no","yes","no","no","no","transect","Fish abundance",-34.91666667,-174.5333333,"Both",125,1250,NA,NA,NA,NA,NA,NA,NA,NA,NA,NA,NA,NA,NA,NA,NA,NA,17.297658801121,86.6780306652153,-0.311840788396501,-0.311840788396501,0.156653016057494,-0.294652612824387,0.202170504056106,"Single","1","Single","Erect","Low",NA,16,NA,NA,NA
"Ecklonia radiata",4,"Anderson and Millar (2004)","1","Hahei",-34.91666667,-174.5333333,"OA","2 Years",159.59,110.35,244.52,135,84.93,24.65,"SE","Mean Fish Abundance Year 1",10,10,"5x25 m","125","Ecklonia radiata vs Urchin Barrens (Evechinus chloroticus)","Sampling was conducted outside Marine Reserves Figures 5 a and b",NA,NA,10,NA,"Observational","Spatial","no","yes","no","no","no","transect","Fish abundance",-34.91666667,-174.5333333,"Both",125,1250,NA,NA,NA,NA,NA,NA,NA,NA,NA,NA,NA,NA,NA,NA,NA,NA,268.572241678101,77.9501443231506,0.366176139370022,0.366176139370023,0.328701821875817,0.238459517338696,0.201421573535235,"Single","1","Single","Erect","Low",NA,16,NA,NA,NA
"Ecklonia radiata",5,"Anderson and Millar (2004)","1","Bergham",-34.91666667,-174.5333333,"OA","2 Years",453.87,274.47,544.29,410.09,90.42,135.62,"SE","Mean Fish Abundance Year 2",10,10,"5x25 m","125","Ecklonia radiata vs Urchin Barrens (Evechinus chloroticus)","Sampling was conducted outside Marine Reserves Figures 5 a and b",NA,NA,10,NA,"Observational","Spatial","no","yes","no","no","no","transect","Fish abundance",-34.91666667,-174.5333333,"Both",125,1250,NA,NA,NA,NA,NA,NA,NA,NA,NA,NA,NA,NA,NA,NA,NA,NA,285.933146032425,428.868096272036,0.501532934099388,0.501532934099389,0.281895472554583,0.471366391885159,0.205554656884971,"Single","1","Single","Erect","Low",NA,16,NA,NA,NA
"Ecklonia radiata",6,"Anderson and Millar (2004)","1","Home",-34.91666667,-174.5333333,"OA","2 Years",296.15,267.45,318.08,378.41,21.93,110.96,"SE","Mean Fish Abundance Year 2",10,10,"5x25 m","125","Ecklonia radiata vs Urchin Barrens (Evechinus chloroticus)","Sampling was conducted outside Marine Reserves Figures 5 a and b",NA,NA,10,NA,"Observational","Spatial","no","yes","no","no","no","transect","Fish abundance",-34.91666667,-174.5333333,"Both",125,1250,NA,NA,NA,NA,NA,NA,NA,NA,NA,NA,NA,NA,NA,NA,NA,NA,69.3487490874926,350.886329172283,0.101572384944092,0.101572384944091,0.176293101306705,0.108671358946048,0.20029523660638,"Single","1","Single","Erect","Low",NA,16,NA,NA,NA
"Ecklonia radiata",7,"Anderson and Millar (2004)","1","Leigh",-34.91666667,-174.5333333,"OA","2 Years",83.65,215.22,116.53,263.17,32.88,47.95,"SE","Mean Fish Abundance Year 2",10,10,"5x25 m","125","Ecklonia radiata vs Urchin Barrens (Evechinus chloroticus)","Sampling was conducted outside Marine Reserves Figures 5 a and b",NA,NA,10,NA,"Observational","Spatial","no","yes","no","no","no","transect","Fish abundance",-34.91666667,-174.5333333,"Both",125,1250,NA,NA,NA,NA,NA,NA,NA,NA,NA,NA,NA,NA,NA,NA,NA,NA,103.975689466336,151.631213805074,-0.937771299285481,-0.937771299285481,0.200052020321294,-0.969169284162832,0.223482227534117,"Single","1","Single","Erect","Low",NA,16,NA,NA,NA
"Ecklonia radiata",8,"Anderson and Millar (2004)","1","Hahei",-34.91666667,-174.5333333,"OA","2 Years",213.61,167.1,372.51,189.02,158.9,21.92,"SE","Mean Fish Abundance Year 2",10,10,"5x25 m","125","Ecklonia radiata vs Urchin Barrens (Evechinus chloroticus)","Sampling was conducted outside Marine Reserves Figures 5 a and b",NA,NA,10,NA,"Observational","Spatial","no","yes","no","no","no","transect","Fish abundance",-34.91666667,-174.5333333,"Both",125,1250,NA,NA,NA,NA,NA,NA,NA,NA,NA,NA,NA,NA,NA,NA,NA,NA,502.485920200756,69.3171263108909,0.244263387018821,0.24426338701882,0.565214964101584,0.124179297635603,0.200385512449032,"Single","1","Single","Erect","Low",NA,16,NA,NA,NA
"Ecklonia radiata",405,"Curley et al. (2002)","45","Sydney (The central coast of News South Wales Australia)",-33.983,151.25,NA,"Between March and September 1998",20.64,67.98,NA,NA,59.5635969,162.8717691,"SD","Total Abundance community per site in each habitat in Sidney",6,6,"","125","Composition and relative abundance of species to provide data on the design of Marine Protected Areas which aim to protect these organisms","Table 1",NA,NA,9,"barren","Observational","Spatial","no","yes","no","no","barren","transect","Total abundance",-33.983,151.25,"Adult",125,1625,NA,NA,NA,NA,NA,NA,NA,NA,NA,NA,NA,NA,NA,NA,NA,NA,59.5635969,162.8717691,-1.15927315353041,-1.15927315353041,2.19185551466374,-0.356223171350204,0.338620622825283,"Single","1","Single","Erect","Low",NA,164,"Manning-Hawkesbury","East Central Australian Shelf","Temperate Australasia"
"Ecklonia radiata",406,"Curley et al. (2002)","45","Sydney (The central coast of News South Wales Australia)",-33.983,151.25,NA,"Between March and September 1998",17,18,NA,NA,NA,NA,NA,"Total Richness community per site in each habitat in Sidney",6,6,"","125","Composition and relative abundance of species to provide data on the design of Marine Protected Areas which aim to protect these organisms","Table 1",NA,NA,9,"barren","Observational","Spatial","no","yes","no","no","barren","transect","Total abundance",-33.983,151.25,"Adult",125,1625,NA,NA,NA,NA,NA,NA,NA,NA,NA,NA,NA,NA,NA,NA,NA,NA,NA,NA,-0.0540672212702757,-0.0540672212702758,NA,NA,NA,"Single","1","Single","Erect","Low",NA,164,"Manning-Hawkesbury","East Central Australian Shelf","Temperate Australasia"
"Ecklonia radiata",41,"Cole et al. (2012)","36","Rurima Shoals (Bay of plenty)",-37.833,176.883,"OA",NA,8.9,26.89,12.38,38.41,3.48,11.52,"SE","N individuals visit",5,5,"2*2m","4","Canopy vs experimental clearing","Fig 7A. number of visits by fish in a 2X2m area during two 10 minute observation intervals",100,1,10,"barren","Experimental","Spatial","no","yes","no","no","barren","Transect","N individuals visit",-37.833,176.883,"Both",4,20,"70,00%",NA,NA,NA,"3,00%",NA,"%","03-01-03",NA,NA,NA,NA,NA,NA,NA,NA,7.78151656169927,25.7595031007976,-1.03573344449885,-1.03573344449885,0.294174255754049,-0.853474862296051,0.436420967028563,"Single","1","Single","Erect","Low",NA,9,"Northeastern New Zealand","Northern New Zealand","Temperate Australasia"
"Ecklonia radiata",55,"Williams et al. (2008)","44","Cape Rodney- Okakari Point Marine Reserve New Zealand",-36.283,174.8,"MR","10-week period during the winter months of June to August 2006",103.6,24.89,195.68,50.14,92.08,25.25,"SD","Number of individuals of reef fish species in five habitats using point counts 25 min (closed bars) and timed searches (open bars).",5,5,"","78,5","Abundance of reef fish species in five habitats","Fig. 2(2)",NA,NA,NA,"barren","Observational","Spatial","no","yes","no","no","no","Point Count ","Fish abundance",-36.283,174.8,"Both",250,1250,NA,NA,NA,NA,NA,NA,NA,NA,NA,NA,NA,NA,NA,NA,NA,NA,92.08,25.25,1.39628675786738,1.39628675786738,0.345221932877228,1.05240018719459,0.45537730770036,"Single","1","Single","Erect","Low",NA,133,"Northeastern New Zealand","Northern New Zealand","Temperate Australasia"
"Ecklonia radiata",56,"Williams et al. (2008)","44","Cape Rodney- Okakari Point Marine Reserve New Zealand",-36.283,174.8,"MR","10-week period during the winter months of June to August 2006",106.8,10.26,204.82,20.65,98.02,10.39,"SD","Number of individuals of reef fish species in five habitats using point counts 25 min (closed bars) and timed searches (open bars).",5,5,"","250","Abundance of reef fish species in five habitats","Fig. 2(2)",NA,NA,NA,"barren","Observational","Spatial","no","yes","no","no","no","Transect","Fish abundance",-36.283,174.8,"Both",250,1250,NA,NA,NA,NA,NA,NA,NA,NA,NA,NA,NA,NA,NA,NA,NA,NA,98.02,10.39,2.25902103576335,2.25902103576335,0.335644831969037,1.25033513472219,0.478166897456037,"Single","1","Single","Erect","Low",NA,133,"Northeastern New Zealand","Northern New Zealand","Temperate Australasia"
"Ecklonia radiata",57,"Williams et al. (2008)","44","Cape Rodney- Okakari Point Marine Reserve New Zealand",-36.283,174.8,"MR","10-week period during the winter months of June to August 2006",103.6,64.24,195.68,88,92.08,23.76,"SD","Number of individuals of reef fish species in five habitats using point counts 25 min (closed bars) and timed searches (open bars).",5,4,"","78,5","Abundance of reef fish species in five habitats","Fig. 2(2)",NA,NA,NA,"barren","Observational","Spatial","no","yes","no","no","no","Point Count ","Fish abundance",-36.283,174.8,"Both",250,1125,NA,NA,NA,NA,NA,NA,NA,NA,NA,NA,NA,NA,NA,NA,NA,NA,92.08,23.76,0.47207077387801,0.472070773878009,0.188146976329751,0.490161671574886,0.46334769246006,"Single","1","Single","Erect","Low",NA,133,"Northeastern New Zealand","Northern New Zealand","Temperate Australasia"
"Ecklonia radiata",58,"Williams et al. (2008)","44","Cape Rodney- Okakari Point Marine Reserve New Zealand",-36.283,174.8,"MR","10-week period during the winter months of June to August 2006",106.8,88.23,204.82,193.67,98.02,105.44,"SD","Number of individuals of reef fish species in five habitats using point counts 25 min (closed bars) and timed searches (open bars).",5,4,"","250","Abundance of reef fish species in five habitats","Fig. 2(2)",NA,NA,NA,"barren","Observational","Spatial","no","yes","no","no","no","Transect","Fish abundance",-36.283,174.8,"Both",250,1125,NA,NA,NA,NA,NA,NA,NA,NA,NA,NA,NA,NA,NA,NA,NA,NA,98.02,105.44,0.189060352562837,0.189060352562837,0.514439983359001,0.162876297421298,0.451473816014537,"Single","1","Single","Erect","Low",NA,133,"Northeastern New Zealand","Northern New Zealand","Temperate Australasia"
"Ecklonia radiata",59,"Williams et al. (2008)","44","Cape Rodney- Okakari Point Marine Reserve New Zealand",-36.283,174.8,"MR","10-week period during the winter months of June to August 2006",103.6,134.79,195.68,284.79,92.08,150,"SD","Number of individuals of reef fish species in five habitats using point counts 25 min (closed bars) and timed searches (open bars).",5,5,"","78,5","Abundance of reef fish species in five habitats","Fig. 2(2)",NA,NA,NA,"barren","Observational","Spatial","no","yes","no","no","no","Point Count ","Fish abundance",-36.283,174.8,"Both",250,1250,NA,NA,NA,NA,NA,NA,NA,NA,NA,NA,NA,NA,NA,NA,NA,NA,92.08,150,-0.260966023079881,-0.260966023079881,0.399036651577786,-0.226226584847334,0.402558923384584,"Single","1","Single","Erect","Low",NA,133,"Northeastern New Zealand","Northern New Zealand","Temperate Australasia"
"Ecklonia radiata",60,"Williams et al. (2008)","44","Cape Rodney- Okakari Point Marine Reserve New Zealand",-36.283,174.8,"MR","10-week period during the winter months of June to August 2006",106.8,231.55,204.82,418.68,98.02,187.13,"SD","Number of individuals of reef fish species in five habitats using point counts 25 min (closed bars) and timed searches (open bars).",5,5,"","250","Abundance of reef fish species in five habitats","Fig. 2(2)",NA,NA,NA,"barren","Observational","Spatial","no","yes","no","no","no","Transect","Fish abundance",-36.283,174.8,"Both",250,1250,NA,NA,NA,NA,NA,NA,NA,NA,NA,NA,NA,NA,NA,NA,NA,NA,98.02,187.13,-0.768827597195209,-0.768827597195209,0.294861014482666,-0.753891370335093,0.428417609913286,"Single","1","Single","Erect","Low",NA,133,"Northeastern New Zealand","Northern New Zealand","Temperate Australasia"
"Ecklonia radiata",61,"Williams et al. (2008)","44","Cape Rodney- Okakari Point Marine Reserve New Zealand",-36.283,174.8,"MR","10-week period during the winter months of June to August 2006",239.49,24.89,486.03,50.14,246.54,25.25,"SD","Number of individuals of reef fish species in five habitats using point counts 25 min (closed bars) and timed searches (open bars).",6,5,"","78,5","Abundance of reef fish species in five habitats","Fig. 2(2)",NA,NA,NA,"barren","Observational","Spatial","no","yes","no","no","no","Point Count ","Fish abundance",-36.283,174.8,"Both",250,1375,NA,NA,NA,NA,NA,NA,NA,NA,NA,NA,NA,NA,NA,NA,NA,NA,246.54,25.25,2.22882171487632,2.22882171487632,0.365392030328914,1.062798034795,0.41800937861049,"Single","1","Single","Erect","Low",NA,133,"Northeastern New Zealand","Northern New Zealand","Temperate Australasia"
"Ecklonia radiata",62,"Williams et al. (2008)","44","Cape Rodney- Okakari Point Marine Reserve New Zealand",-36.283,174.8,"MR","10-week period during the winter months of June to August 2006",143.18,10.26,275.36,20.65,132.18,10.39,"SD","Number of individuals of reef fish species in five habitats using point counts 25 min (closed bars) and timed searches (open bars).",5,5,"","250","Abundance of reef fish species in five habitats","Fig. 2(2)",NA,NA,NA,"barren","Observational","Spatial","no","yes","no","no","no","Transect","Fish abundance",-36.283,174.8,"Both",250,1250,NA,NA,NA,NA,NA,NA,NA,NA,NA,NA,NA,NA,NA,NA,NA,NA,132.18,10.39,2.54980589626489,2.54980589626489,0.338381808365249,1.27981460472862,0.481896271123833,"Single","1","Single","Erect","Low",NA,133,"Northeastern New Zealand","Northern New Zealand","Temperate Australasia"
"Ecklonia radiata",63,"Williams et al. (2008)","44","Cape Rodney- Okakari Point Marine Reserve New Zealand",-36.283,174.8,"MR","10-week period during the winter months of June to August 2006",239.49,64.24,486.03,88,246.54,23.76,"SD","Number of individuals of reef fish species in five habitats using point counts 25 min (closed bars) and timed searches (open bars).",6,4,"","78,5","Abundance of reef fish species in five habitats","Fig. 2(2)",NA,NA,NA,"barren","Observational","Spatial","no","yes","no","no","no","Point Count ","Fish abundance",-36.283,174.8,"Both",250,1250,NA,NA,NA,NA,NA,NA,NA,NA,NA,NA,NA,NA,NA,NA,NA,NA,246.54,23.76,1.30460573088695,1.30460573088695,0.208317073781438,0.809410670265964,0.449423948323687,"Single","1","Single","Erect","Low",NA,133,"Northeastern New Zealand","Northern New Zealand","Temperate Australasia"
"Ecklonia radiata",64,"Williams et al. (2008)","44","Cape Rodney- Okakari Point Marine Reserve New Zealand",-36.283,174.8,"MR","10-week period during the winter months of June to August 2006",143.18,88.23,275.36,193.67,132.18,105.44,"SD","Number of individuals of reef fish species in five habitats using point counts 25 min (closed bars) and timed searches (open bars).",5,4,"","250","Abundance of reef fish species in five habitats","Fig. 2(2)",NA,NA,NA,"barren","Observational","Spatial","no","yes","no","no","no","Transect","Fish abundance",-36.283,174.8,"Both",250,1125,NA,NA,NA,NA,NA,NA,NA,NA,NA,NA,NA,NA,NA,NA,NA,NA,132.18,105.44,0.479845213064372,0.479845213064372,0.517176959755213,0.401889845372845,0.458973080434101,"Single","1","Single","Erect","Low",NA,133,"Northeastern New Zealand","Northern New Zealand","Temperate Australasia"
"Ecklonia radiata",65,"Williams et al. (2008)","44","Cape Rodney- Okakari Point Marine Reserve New Zealand",-36.283,174.8,"MR","10-week period during the winter months of June to August 2006",239.49,134.79,486.03,284.79,246.54,150,"SD","Number of individuals of reef fish species in five habitats using point counts 25 min (closed bars) and timed searches (open bars).",6,5,"","78,5","Abundance of reef fish species in five habitats","Fig. 2(2)",NA,NA,NA,"barren","Observational","Spatial","no","yes","no","no","no","Point Count ","Fish abundance",-36.283,174.8,"Both",250,1375,NA,NA,NA,NA,NA,NA,NA,NA,NA,NA,NA,NA,NA,NA,NA,NA,246.54,150,0.571568933929059,0.571568933929059,0.419206749029472,0.457357975795939,0.37617468112231,"Single","1","Single","Erect","Low",NA,133,"Northeastern New Zealand","Northern New Zealand","Temperate Australasia"
"Ecklonia radiata",66,"Williams et al. (2008)","44","Cape Rodney- Okakari Point Marine Reserve New Zealand",-36.283,174.8,"MR","10-week period during the winter months of June to August 2006",143.18,231.55,275.36,418.68,132.18,187.13,"SD","Number of individuals of reef fish species in five habitats using point counts 25 min (closed bars) and timed searches (open bars).",5,5,"","250","Abundance of reef fish species in five habitats","Fig. 2(2)",NA,NA,NA,"barren","Observational","Spatial","no","yes","no","no","no","Transect","Fish abundance",-36.283,174.8,"Both",250,1250,NA,NA,NA,NA,NA,NA,NA,NA,NA,NA,NA,NA,NA,NA,NA,NA,132.18,187.13,-0.478042736693673,-0.478042736693673,0.297597990878878,-0.492413517630379,0.412123553617256,"Single","1","Single","Erect","Low",NA,133,"Northeastern New Zealand","Northern New Zealand","Temperate Australasia"
"Ecklonia radiata",192,"Morton and Gladstone (2011)","42","Terrigal. Central coast of New South Wales (NSW) Australia.",-33.45,151.45,"OA","Between August 2003 and May 2015",2.7,3.58,4.5,3.68,1.8,0.1,"SE","Density of wrasses in fringe vs barrens",60,120,"","125","Distinct rocky-reef habitats are occupied by different wrasse assemblages and that these habitat associations vary temporally","Fig. 2(b1)",NA,NA,NA,"barren","Observational","Spatial","no","yes","no","no","no","transect","Labridae density",-33.45,151.45,"Both",125,750,NA,NA,NA,NA,NA,NA,NA,NA,NA,NA,NA,NA,NA,NA,NA,NA,13.9427400463467,1.09544511501033,-0.213366178475915,-0.213366178475915,0.23714582775963,-0.108491297897777,0.025032695449221,"Single","1","Single","Erect","Low",NA,75,"Manning-Hawkesbury","East Central Australian Shelf","Temperate Australasia"
"Ecklonia radiata",193,"Morton and Gladstone (2011)","42","Terrigal. Central coast of New South Wales (NSW) Australia.",-33.45,151.45,"OA","Between August 2003 and May 2016",2.7,8.45,4.5,10.75,1.8,2.3,"SE","Density of wrasses in fringe barrens and sponge gardens",60,120,"","125","Distinct rocky-reef habitats are occupied by different wrasse assemblages and that these habitat associations vary temporally","Fig. 2(b1)",NA,NA,NA,"barren","Observational","Spatial","no","yes","no","no","no","transect","Labridae density",-33.45,151.45,"Both",125,750,NA,NA,NA,NA,NA,NA,NA,NA,NA,NA,NA,NA,NA,NA,NA,NA,13.9427400463467,25.1952376452376,-0.937681921855472,-0.937681921855472,0.295905965003634,-0.258973001326115,0.025186297265044,"Single","1","Single","Erect","Low",NA,75,"Manning-Hawkesbury","East Central Australian Shelf","Temperate Australasia"
"Ecklonia radiata",194,"Morton and Gladstone (2011)","42","Terrigal. Central coast of New South Wales (NSW) Australia.",-33.45,151.45,"OA","Between August 2003 and May 2017",6.97,4.95,9.66,5.16,2.69,0.21,"SE","Density of wrasses in fringe vs barrens",60,120,"","125","Distinct rocky-reef habitats are occupied by different wrasse assemblages and that these habitat associations vary temporally","Fig. 2(b1)",NA,NA,NA,"barren","Observational","Spatial","no","yes","no","no","no","transect","Labridae density",-33.45,151.45,"Both",125,750,NA,NA,NA,NA,NA,NA,NA,NA,NA,NA,NA,NA,NA,NA,NA,NA,20.8366504025959,2.3004347415217,0.292293273244586,0.292293273244585,0.115162511561121,0.165652053005692,0.0250762238962917,"Single","1","Single","Erect","Low",NA,75,"Manning-Hawkesbury","East Central Australian Shelf","Temperate Australasia"
"Ecklonia radiata",195,"Morton and Gladstone (2011)","42","Terrigal. Central coast of New South Wales (NSW) Australia.",-33.45,151.45,"OA","Between August 2003 and May 2018",6.97,7.47,9.66,8.45,2.69,0.98,"SE","Density of wrasses in fringe barrens and sponge gardens",60,120,"","125","Distinct rocky-reef habitats are occupied by different wrasse assemblages and that these habitat associations vary temporally","Fig. 2(b1)",NA,NA,NA,"barren","Observational","Spatial","no","yes","no","no","no","transect","Labridae density",-33.45,151.45,"Both",125,750,NA,NA,NA,NA,NA,NA,NA,NA,NA,NA,NA,NA,NA,NA,NA,NA,20.8366504025959,10.7353621271013,-0.0608460158618391,-0.0608460158618392,0.127303900545792,-0.0334949680466588,0.025003116424679,"Single","1","Single","Erect","Low",NA,75,"Manning-Hawkesbury","East Central Australian Shelf","Temperate Australasia"
"Ecklonia radiata",196,"Morton and Gladstone (2011)","42","Terrigal. Central coast of New South Wales (NSW) Australia.",-33.45,151.45,"OA","Between August 2003 and May 2019",8.34,7.36,12.07,9.66,3.73,2.3,"SE","Density of wrasses in fringe vs barrens",60,120,"","125","Distinct rocky-reef habitats are occupied by different wrasse assemblages and that these habitat associations vary temporally","Fig. 2(b1)",NA,NA,NA,"barren","Observational","Spatial","no","yes","no","no","no","transect","Labridae density",-33.45,151.45,"Both",125,750,NA,NA,NA,NA,NA,NA,NA,NA,NA,NA,NA,NA,NA,NA,NA,NA,28.8924557627073,25.1952376452376,0.110847825144141,0.110847825144141,0.235177297827973,0.0368556794847407,0.0250037731697508,"Single","1","Single","Erect","Low",NA,75,"Manning-Hawkesbury","East Central Australian Shelf","Temperate Australasia"
"Ecklonia radiata",197,"Morton and Gladstone (2011)","42","Terrigal. Central coast of New South Wales (NSW) Australia.",-33.45,151.45,"OA","Between August 2003 and May 2020",8.34,20.89,12.07,22.21,3.73,1.32,"SE","Density of wrasses in fringe barrens and sponge gardens",60,120,"","125","Distinct rocky-reef habitats are occupied by different wrasse assemblages and that these habitat associations vary temporally","Fig. 2(b1)",NA,NA,NA,"barren","Observational","Spatial","no","yes","no","no","no","transect","Labridae density",-33.45,151.45,"Both",125,750,NA,NA,NA,NA,NA,NA,NA,NA,NA,NA,NA,NA,NA,NA,NA,NA,28.8924557627073,14.4598755181364,-0.85172365929402,-0.85172365929402,0.163122765857327,-0.61236556345102,0.0260416432869463,"Single","1","Single","Erect","Low",NA,75,"Manning-Hawkesbury","East Central Australian Shelf","Temperate Australasia"
"Ecklonia radiata",198,"Morton and Gladstone (2011)","42","Terrigal. Central coast of New South Wales (NSW) Australia.",-33.45,151.45,"OA","Between August 2003 and May 2021",6.7,4.84,11.58,5.16,4.88,0.32,"SE","Density of wrasses in fringe vs barrens",60,120,"","125","Distinct rocky-reef habitats are occupied by different wrasse assemblages and that these habitat associations vary temporally","Fig. 2(b1)",NA,NA,NA,"barren","Observational","Spatial","no","yes","no","no","no","transect","Labridae density",-33.45,151.45,"Both",125,750,NA,NA,NA,NA,NA,NA,NA,NA,NA,NA,NA,NA,NA,NA,NA,NA,37.8003174589844,3.50542436803306,0.276489532019503,0.276489532019502,0.404662078544316,0.0843782466188666,0.0250197769125069,"Single","1","Single","Erect","Low",NA,75,"Manning-Hawkesbury","East Central Australian Shelf","Temperate Australasia"
"Ecklonia radiata",199,"Morton and Gladstone (2011)","42","Terrigal. Central coast of New South Wales (NSW) Australia.",-33.45,151.45,"OA","Between August 2003 and May 2022",6.7,9.77,11.58,10.64,4.88,0.87,"SE","Density of wrasses in fringe barrens and sponge gardens",60,120,"","125","Distinct rocky-reef habitats are occupied by different wrasse assemblages and that these habitat associations vary temporally","Fig. 2(b1)",NA,NA,NA,"barren","Observational","Spatial","no","yes","no","no","no","transect","Labridae density",-33.45,151.45,"Both",125,750,NA,NA,NA,NA,NA,NA,NA,NA,NA,NA,NA,NA,NA,NA,NA,NA,37.8003174589844,9.53037250058989,-0.335544162308659,-0.335544162308659,0.408185038461682,-0.132249813385708,0.0250485833698349,"Single","1","Single","Erect","Low",NA,75,"Manning-Hawkesbury","East Central Australian Shelf","Temperate Australasia"
"Ecklonia radiata",200,"Morton and Gladstone (2011)","42","Terrigal. Central coast of New South Wales (NSW) Australia.",-33.45,151.45,"OA","Between August 2003 and May 2023",6.26,7.25,6.58,8.78,0.32,1.53,"SE","Density of wrasses in fringe vs barrens",60,120,"","125","Distinct rocky-reef habitats are occupied by different wrasse assemblages and that these habitat associations vary temporally","Fig. 2(b1)",NA,NA,NA,"barren","Observational","Spatial","no","yes","no","no","no","transect","Labridae density",-33.45,151.45,"Both",125,750,NA,NA,NA,NA,NA,NA,NA,NA,NA,NA,NA,NA,NA,NA,NA,NA,2.47870934157275,16.7603102596581,-0.127833371509885,-0.127833371509885,0.036336182258346,-0.0715501919583108,0.0250142206388035,"Single","1","Single","Erect","Low",NA,75,"Manning-Hawkesbury","East Central Australian Shelf","Temperate Australasia"
"Ecklonia radiata",201,"Morton and Gladstone (2011)","42","Terrigal. Central coast of New South Wales (NSW) Australia.",-33.45,151.45,"OA","Between August 2003 and May 2024",6.26,10.92,6.58,11.14,0.32,0.22,"SE","Density of wrasses in fringe barrens and sponge gardens",60,120,"","125","Distinct rocky-reef habitats are occupied by different wrasse assemblages and that these habitat associations vary temporally","Fig. 2(b1)",NA,NA,NA,"barren","Observational","Spatial","no","yes","no","no","no","transect","Labridae density",-33.45,151.45,"Both",125,750,NA,NA,NA,NA,NA,NA,NA,NA,NA,NA,NA,NA,NA,NA,NA,NA,2.47870934157275,2.40997925302273,-0.495837832800499,-0.495837832800499,0.00228343163770168,-1.90726644978273,0.0351046258624078,"Single","1","Single","Erect","Low",NA,75,"Manning-Hawkesbury","East Central Australian Shelf","Temperate Australasia"
"Ecklonia radiata",202,"Morton and Gladstone (2011)","42","Bull Reef. Central coast of New South Wales (NSW) Australia.",-33.983,151.25,"OA","Between August 2003 and May 2035",4.22,5.33,4.94,8.06,0.72,2.73,"SE","Density of wrasses in fringe vs barrens",60,120,"","125","Distinct rocky-reef habitats are occupied by different wrasse assemblages and that these habitat associations vary temporally","Fig. 2(b2)",NA,NA,NA,"barren","Observational","Spatial","no","yes","no","no","no","transect","Labridae density",-33.983,151.25,"Both",125,750,NA,NA,NA,NA,NA,NA,NA,NA,NA,NA,NA,NA,NA,NA,NA,NA,5.57709601853868,29.9056516397821,-0.192802834261538,-0.192802834261538,0.205027081636661,-0.0448184758031648,0.0250055797104814,"Single","1","Single","Erect","Low",NA,164,"Manning-Hawkesbury","East Central Australian Shelf","Temperate Australasia"
"Ecklonia radiata",203,"Morton and Gladstone (2011)","42","Bull Reef. Central coast of New South Wales (NSW) Australia.",-33.983,151.25,"OA","Between August 2003 and May 2036",4.22,12.51,4.94,13.46,0.72,0.95,"SE","Density of wrasses in fringe barrens and sponge gardens",60,120,"","125","Distinct rocky-reef habitats are occupied by different wrasse assemblages and that these habitat associations vary temporally","Fig. 2(b2)",NA,NA,NA,"barren","Observational","Spatial","no","yes","no","no","no","transect","Labridae density",-33.983,151.25,"Both",125,750,NA,NA,NA,NA,NA,NA,NA,NA,NA,NA,NA,NA,NA,NA,NA,NA,5.57709601853868,10.4067285925982,-0.95093275007756,-0.95093275007756,0.0239696311628874,-0.907678439325983,0.0272885559700479,"Single","1","Single","Erect","Low",NA,164,"Manning-Hawkesbury","East Central Australian Shelf","Temperate Australasia"
"Ecklonia radiata",204,"Morton and Gladstone (2011)","42","Bull Reef. Central coast of New South Wales (NSW) Australia.",-33.983,151.25,"OA","Between August 2003 and May 2037",7.04,8.04,8.69,9.16,1.65,1.12,"SE","Density of wrasses in fringe vs barrens",60,120,"","125","Distinct rocky-reef habitats are occupied by different wrasse assemblages and that these habitat associations vary temporally","Fig. 2(b2)",NA,NA,NA,"barren","Observational","Spatial","no","yes","no","no","no","transect","Labridae density",-33.983,151.25,"Both",125,750,NA,NA,NA,NA,NA,NA,NA,NA,NA,NA,NA,NA,NA,NA,NA,NA,12.7808450424845,12.2689852881157,-0.11723009121321,-0.11723009121321,0.0574665161614243,-0.0800402848423202,0.0250177956866601,"Single","1","Single","Erect","Low",NA,164,"Manning-Hawkesbury","East Central Australian Shelf","Temperate Australasia"
"Ecklonia radiata",205,"Morton and Gladstone (2011)","42","Bull Reef. Central coast of New South Wales (NSW) Australia.",-33.983,151.25,"OA","Between August 2003 and May 2038",7.04,12.61,8.69,16.06,1.65,3.45,"SE","Density of wrasses in fringe barrens and sponge gardens",60,120,"","125","Distinct rocky-reef habitats are occupied by different wrasse assemblages and that these habitat associations vary temporally","Fig. 2(b2)",NA,NA,NA,"barren","Observational","Spatial","no","yes","no","no","no","transect","Labridae density",-33.983,151.25,"Both",125,750,NA,NA,NA,NA,NA,NA,NA,NA,NA,NA,NA,NA,NA,NA,NA,NA,12.7808450424845,37.7928564678565,-0.5263757334725,-0.5263757334725,0.106374062242911,-0.174609869111826,0.025084690573309,"Single","1","Single","Erect","Low",NA,164,"Manning-Hawkesbury","East Central Australian Shelf","Temperate Australasia"
"Ecklonia radiata",206,"Morton and Gladstone (2011)","42","Bull Reef. Central coast of New South Wales (NSW) Australia.",-33.983,151.25,"OA","Between August 2003 and May 2039",10.65,6.58,12.49,8.42,1.84,1.84,"SE","Density of wrasses in fringe vs barrens",60,120,"","125","Distinct rocky-reef habitats are occupied by different wrasse assemblages and that these habitat associations vary temporally","Fig. 2(b2)",NA,NA,NA,"barren","Observational","Spatial","no","yes","no","no","no","transect","Labridae density",-33.983,151.25,"Both",125,750,NA,NA,NA,NA,NA,NA,NA,NA,NA,NA,NA,NA,NA,NA,NA,NA,14.2525787140433,20.1561901161901,0.429792980357429,0.429792980357429,0.0838696967651517,0.220138479526933,0.0251346137504679,"Single","1","Single","Erect","Low",NA,164,"Manning-Hawkesbury","East Central Australian Shelf","Temperate Australasia"
"Ecklonia radiata",207,"Morton and Gladstone (2011)","42","Bull Reef. Central coast of New South Wales (NSW) Australia.",-33.983,151.25,"OA","Between August 2003 and May 2040",10.65,20.23,12.49,20.62,1.84,0.39,"SE","Density of wrasses in fringe barrens and sponge gardens",60,120,"","125","Distinct rocky-reef habitats are occupied by different wrasse assemblages and that these habitat associations vary temporally","Fig. 2(b2)",NA,NA,NA,"barren","Observational","Spatial","no","yes","no","no","no","transect","Labridae density",-33.983,151.25,"Both",125,750,NA,NA,NA,NA,NA,NA,NA,NA,NA,NA,NA,NA,NA,NA,NA,NA,14.2525787140433,4.2722359485403,-0.600109095703455,-0.600109095703455,0.0252824818656903,-1.06967768314507,0.0281783620717184,"Single","1","Single","Erect","Low",NA,164,"Manning-Hawkesbury","East Central Australian Shelf","Temperate Australasia"
"Ecklonia radiata",208,"Morton and Gladstone (2011)","42","Bull Reef. Central coast of New South Wales (NSW) Australia.",-33.983,151.25,"OA","Between August 2003 and May 2041",6.29,7.79,7.13,9.63,0.84,1.84,"SE","Density of wrasses in fringe vs barrens",60,120,"","125","Distinct rocky-reef habitats are occupied by different wrasse assemblages and that these habitat associations vary temporally","Fig. 2(b2)",NA,NA,NA,"barren","Observational","Spatial","no","yes","no","no","no","transect","Labridae density",-33.983,151.25,"Both",125,750,NA,NA,NA,NA,NA,NA,NA,NA,NA,NA,NA,NA,NA,NA,NA,NA,6.50661202162846,20.1561901161901,-0.187111165676519,-0.187111165676519,0.0570956481116643,-0.0883779269368725,0.0250216962721379,"Single","1","Single","Erect","Low",NA,164,"Manning-Hawkesbury","East Central Australian Shelf","Temperate Australasia"
"Ecklonia radiata",209,"Morton and Gladstone (2011)","42","Bull Reef. Central coast of New South Wales (NSW) Australia.",-33.983,151.25,"OA","Between August 2003 and May 2042",6.29,12.97,7.13,13.19,0.84,0.22,"SE","Density of wrasses in fringe barrens and sponge gardens",60,120,"","125","Distinct rocky-reef habitats are occupied by different wrasse assemblages and that these habitat associations vary temporally","Fig. 2(b2)",NA,NA,NA,"barren","Observational","Spatial","no","yes","no","no","no","transect","Labridae density",-33.983,151.25,"Both",125,750,NA,NA,NA,NA,NA,NA,NA,NA,NA,NA,NA,NA,NA,NA,NA,NA,6.50661202162846,2.40997925302273,-0.650408627248304,-0.650408627248304,0.0135251093378103,-1.57153501994667,0.0318603397747744,"Single","1","Single","Erect","Low",NA,164,"Manning-Hawkesbury","East Central Australian Shelf","Temperate Australasia"
"Ecklonia radiata",210,"Morton and Gladstone (2011)","42","Bull Reef. Central coast of New South Wales (NSW) Australia.",-33.983,151.25,"OA","Between August 2003 and May 2043",7.28,5.94,7.5,6.78,0.22,0.84,"SE","Density of wrasses in fringe vs barrens",60,120,"","125","Distinct rocky-reef habitats are occupied by different wrasse assemblages and that these habitat associations vary temporally","Fig. 2(b2)",NA,NA,NA,"barren","Observational","Spatial","no","yes","no","no","no","transect","Labridae density",-33.983,151.25,"Both",125,750,NA,NA,NA,NA,NA,NA,NA,NA,NA,NA,NA,NA,NA,NA,NA,NA,1.70411267233126,9.20173896608679,0.176541193878456,0.176541193878455,0.0153560351531224,0.17586248854679,0.0250859100413274,"Single","1","Single","Erect","Low",NA,164,"Manning-Hawkesbury","East Central Australian Shelf","Temperate Australasia"
"Ecklonia radiata",211,"Morton and Gladstone (2011)","42","Bull Reef. Central coast of New South Wales (NSW) Australia.",-33.983,151.25,"OA","Between August 2003 and May 2044",7.28,17.02,7.5,19.64,0.22,2.62,"SE","Density of wrasses in fringe barrens and sponge gardens",60,120,"","125","Distinct rocky-reef habitats are occupied by different wrasse assemblages and that these habitat associations vary temporally","Fig. 2(b2)",NA,NA,NA,"barren","Observational","Spatial","no","yes","no","no","no","transect","Labridae density",-33.983,151.25,"Both",125,750,NA,NA,NA,NA,NA,NA,NA,NA,NA,NA,NA,NA,NA,NA,NA,NA,1.70411267233126,28.7006620132707,-0.777639283783023,-0.777639283783023,0.0218453846395872,-0.412940582976053,0.0254736664585239,"Single","1","Single","Erect","Low",NA,164,"Manning-Hawkesbury","East Central Australian Shelf","Temperate Australasia"
"Ecklonia radiata",1362,"Smith et al. (2014)","68","New South Wales ",-37.08,149.93,"","October 2000 to January 200",4.74,7.4,NA,NA,0.63,0.98,"SE","Mean abundance transformed to log (x+1). Canopy transects",6,6,"m2","125","Figure 2 Means (1 SE) for (a) the total number of fish (abundance), in each combination of Habitat  Region (n = 16 sites per combination of levels and a site consisted of counts summed across six transects) of Australasian temperate reef fishes. Standard errors are based on n = 4 location means within each region","Fig 2",NA,NA,10,"barren","Observational","Spatial","no","yes","no","no","barren","transect","Abundance",-37.08,149.93,"Adult",125,750,NA,NA,NA,NA,NA,NA,NA,NA,NA,NA,NA,NA,NA,NA,NA,NA,1.5431785379534,2.40049994792751,-0.380772495517793,-0.380772495517793,0.0256575120629255,-1.21636823870968,0.394981320505904,"Single","1","Single","Erect","Low",NA,2,"Cape Howe","Southeast Australian Shelf","Temperate Australasia"
"Ecklonia radiata",1363,"Smith et al. (2014)","68","New Zealand",-34.93,173.54,"","October 2000 to January 200",3.46,3.62,NA,NA,0.77,0.73,"SE","Mean abundance transformed to log (x+1). Canopy transects",6,6,"m2","125","Figure 2 Means (1 SE) for (a) the total number of fish (abundance), in each combination of Habitat  Region (n = 16 sites per combination of levels and a site consisted of counts summed across six transects) of Australasian temperate reef fishes. Standard errors are based on n = 4 location means within each region","Fig 2",NA,NA,10,"barren","Observational","Spatial","no","yes","no","no","barren","transect","Abundance",-34.93,173.54,"Adult",125,750,NA,NA,NA,NA,NA,NA,NA,NA,NA,NA,NA,NA,NA,NA,NA,NA,1.88610710194305,1.78812751223172,-0.0352459390616748,-0.0352459390616748,0.0547732875148768,-0.0803360954289402,0.333602245342865,"Single","1","Single","Erect","Low",NA,2,"Northeastern New Zealand","Northern New Zealand","Temperate Australasia"
"Ecklonia radiata",1367,"Willis and Anderson (2003)","","Cape Rodney-Okakari Point Marine Reserve, northeastern New Zealand",-36.283,174.8,"OA"," 3 month 1999",43.05,37.47,59.32,44.65,16.26,7.18,"SE","Mean fish abundance in OA area",3,3,"3*3","9","Fish species abundance spatial comparison in OA area. Mortal capture","Fig. 5f Comparison of mean fish abundace between kelp and no-kelp areas in a OA location",NA,NA,NA,NA,"Observational","Spatial","no","yes","no","no","na","Quadrat","Fish abundance",-36.283,174.8,"Both",9,54,"na","na","na","na","na","na","na","na","na","na","na","na","na","na","na","na",28.1631461310699,12.4361247983445,0.135446635617985,0.135446635617985,0.171088092560973,0.204515545069997,0.67015221734794,"Single","1","Single","Erect","Low",NA,133,"Northeastern New Zealand","Northern New Zealand","Temperate Australasia"
"Ecklonia radiata",1369,"Willis and Anderson (2003)","","Cape Rodney-Okakari Point Marine Reserve, northeastern New Zealand",-36.283,174.8,"MPA"," 3 month 1999",12.92,30.46,15.95,36.67,3.03,6.22,"SE","Mean fish abundance in MPA area",3,3,"3*3","9","Fish species abundance spatial comparison in MPA area. Mortal capture","Fig. 5f Comparison of mean fish abundance between kelp and no-kelp areas in a MPA location",NA,NA,NA,NA,"Observational","Spatial","no","yes","no","no","na","Quadrat","Fish abundance",-36.283,174.8,"Both",9,54,"na","na","na","na","na","na","na","na","na","na","na","na","na","na","na","na",5.2481139469337,10.7733560230784,-0.815390242723858,-0.815390242723858,0.0864710693219983,-1.65156428459437,0.893972048845644,"Single","1","Single","Erect","Low",NA,133,"Northeastern New Zealand","Northern New Zealand","Temperate Australasia"
"Ecklonia radiata",1361,"Smith et al. (2014)","68","South Australia",-33.64,134.85,"","October 2000 to January 200",3.32,3.41,NA,NA,0.57,0.45,"SE","Mean abundance transformed to log (x+1). Canopy transects",6,6,"m2","125","Figure 2 Means (1 SE) for (a) the total number of fish (abundance), in each combination of Habitat  Region (n = 16 sites per combination of levels and a site consisted of counts summed across six transects) of Australasian temperate reef fishes. Standard errors are based on n = 4 location means within each region","Fig 2",NA,NA,10,"barren","Observational","Spatial","no","yes","no","no","barren","transect","Abundance",-33.64,134.85,"Adult",125,750,NA,NA,NA,NA,NA,NA,NA,NA,NA,NA,NA,NA,NA,NA,NA,NA,1.39620915338641,1.10227038425243,-0.0206192872027358,-0.0206192872027356,0.0278216646163378,-0.0660227798564432,0.333514958644165,"Single","1","Single","Erect","Low",NA,2,"South Australian Gulfs","Southwest Australian Shelf","Temperate Australasia"
"Ecklonia radiata",1164,"Kingsford (2011)","UP1","Cape Banks, New South Wales, Australia",-34,151.246,"OA","2011",0.44,2,NA,NA,0.99,3.5,"SE","Fish assemblage",6,6,"","25","Kelp versus Barren Data (Unpublished)","",NA,NA,1,NA,"Observational","Spatial","no","yes","no","no","no","Transect","Fish assemblage",-34,151.246,"Both",25,150,NA,NA,NA,NA,NA,NA,NA,NA,NA,NA,NA,NA,NA,NA,NA,NA,2.42499484535535,8.57321409974112,-0.733969175080201,-0.7339691750802,1.83376736111111,-0.228488525138114,0.335508625254991,"Single","1","Single","Erect","Low",NA,2,"Manning-Hawkesbury","East Central Australian Shelf","Temperate Australasia"
"Ecklonia radiata",1360,"Smith et al. (2014)","68","Western Australia",-34.3,115.1,"","October 2000 to January 200",4.41,5.72,NA,NA,0.5,0.32,"SE","Mean abundance transformed to log (x+1). Canopy transects",6,6,"m2","125","Figure 2 Means (1 SE) for (a) the total number of fish (abundance), in each combination of Habitat  Region (n = 16 sites per combination of levels and a site consisted of counts summed across six transects) of Australasian temperate reef fishes. Standard errors are based on n = 4 location means within each region","Fig 2",NA,NA,10,"barren","Observational","Spatial","no","yes","no","no","barren","transect","Abundance",-34.3,115.1,"Adult",125,750,NA,NA,NA,NA,NA,NA,NA,NA,NA,NA,NA,NA,NA,NA,NA,NA,1.22474487139159,0.783836717690617,-0.216839061676668,-0.216839061676668,0.0108092965958209,-1.17564095046429,0.390922151850358,"Single","1","Single","Erect","Low",NA,2,"Leeuwin","Southwest Australian Shelf","Temperate Australasia"
"Laminaria hyperborea",1364,"Lorentsen et al. (2010)","61","Norwegian Coast",63.833,8.333,"OA","1.5 month 2000",19.5,1.4,24.01,2.5,4.51,1.1,"SE","Juvenile Gadus",4,4,"1.16km2","1160","Kelp harvesting areas weere monitored 1.5 months after removal. I used only the full harvested versus 50% covered kelp","Fig 3.1",740,45,15,"Clearing","Experimental","Temporal","yes","yes","no","no","kelp","ROV","Gadus",63.833,8.333,"Juvenile",740,2960,NA,NA,NA,NA,NA,NA,NA,NA,"Gadus morhua","Gadiformes","Gadidae","4,1","Carnivore","74","960","Demersal",9.02,2.2,2.14495614879046,2.14495614879046,0.258469444444444,2.39481572244192,0.85844639652844,"Single","3.60","Single","Prostrate","High","",2,"Southern Norway","Northern European Seas","Temperate Northern Atlantic"
"Laminaria hyperborea",1365,"Lorentsen et al. (2010)","61","Norwegian Coast",63.833,8.333,"OA","1.5 month 2000",5,4.2,7.59,8.58,2.59,4.38,"","Adult Gadus ",4,4,"1.16km2","1160","Kelp harvesting areas weere monitored 1.5 months after removal. I used only the full harvested versus 50% covered kelp","Fig 3.1",740,45,15,"Clearing","Experimental","Temporal","yes","yes","no","no","kelp","ROV","Gadus",63.833,8.333,"Adult",740,2960,NA,NA,NA,NA,NA,NA,NA,NA,"Gadus morhua","Gadiformes","Gadidae","4,1","Carnivore","74","960","Demersal",2.59,4.38,0.143100843640673,0.143100843640673,0.223954589907955,0.193130631666672,0.502331215055498,"Single","3.60","Single","Prostrate","High","",2,"Southern Norway","Northern European Seas","Temperate Northern Atlantic"
"Macrocystis pyrifera",1196,"Krumhansl et al. (2015)","UP3","Queen Charlote Sound ",-41.084,174.344,"OA","10 weeks ",18,107,NA,NA,14.57,62.002,"SE","Reef Fish Abundance ",3,3,"30 m2","80","Kelp Clearance","Unpublished data, replicated through time day 0, 1 day, 3 and 10 weeks after ",900,1,NA,"experiment","Experimental","Temporal","no","yes","no","no","kelp","Transect","Fish assemblage",-41.084,174.344,"Adult",80,80,"1","2",NA,NA,NA,NA,NA,"30-05-15",NA,NA,NA,NA,NA,NA,NA,NA,25.2359802662785,107.390614170886,-1.73769224795778,-1.73769224795778,0.917629119274117,-0.910346940729658,0.735727629374654,"Single","30","Multi","Erect","High",NA,2,"Central New Zealand","Southern New Zealand","Temperate Australasia"
"Macrocystis pyrifera",1198,"DeMartini et al. (1989)","65","Offshore of San Diego Country, California US",33.317,-117.517,"","November 1986 to January 1987",451,1193,538,1459,87,266,"SE","Density (ind/1000 m3) Total fishes",NA,NA,NA,"650","Contrasting fish density at an artificial rock reef and a cobble-bottom kelp forest","Table 2",NA,NA,1,NA,"Observational","Spatial","no","yes","no","yes","no","Transect and video","Density (fish/m3) of 24 fishes specie",33.317,-117.517,"Both",650,NA,NA,NA,NA,NA,NA,NA,NA,NA,NA,NA,NA,NA,NA,NA,NA,NA,NA,NA,-0.971382114120316,-0.971382114120316,NA,NA,NA,"Single","30","Multi","Erect","High",NA,25,"Southern California Bight","Warm Temperate Northeast Pacific","Temperate Northern Pacific"
"Macrocystis pyrifera",1147,"Bodkin (1988)","64","California, USA",35.667,-121.283,"OA","2 month in 1985",5.521111111,1.573333333,NA,NA,8.055371569,3.679915081,"SD","Fish assemblage",3,3,"50*2","100","Macrocystis pyrifera","Table 1. Removals in over a ha",10000,12,13,"experiment","Experimental","Spatial","no","yes","no","no","kelp","Transect ","Fish assemblage",35.667,-121.283,"Both",100,300,"5,027777778","6,122222222",NA,NA,"7,211868305","14,1419392","SD","30-08-85",NA,NA,NA,NA,NA,NA,NA,NA,8.055371569,3.679915081,0.929842701977943,0.929842701977944,1.19028680764787,0.502995932805407,0.687750409034898,"Single","30","Multi","Erect","High",NA,11,"Northern California","Cold Temperate Northeast Pacific","Temperate Northern Pacific"
"Macrocystis pyrifera",1148,"Carr (1991)","11"," Arrowhead Point in Carmel Bay, California",36.56,-121.938,"OA","Late May to mid-August 1981",5.54,1.63,NA,NA,9.38,2.01,"SD","Average density (fish/10 m 3) of  young-of-year rockfish assembly ",5,5,"","10","The effect of habitat structure on patterns of rockfish recruitment by comparing habitat selection among the recruits of each species.","Table III",62,13,NA,"kelp addition","Experimental","Temporal","no","yes","no","no","no","Transect","Average density of young-of-year rockfish assembly ",36.56,-121.938,"Juvenile",10,50,NA,NA,NA,NA,NA,NA,NA,NA,NA,NA,NA,NA,NA,NA,NA,NA,9.38,2.01,0.910953319279434,0.910953319279434,0.5282332789275,0.520337430850117,0.413537552097185,"Single","30","Multi","Erect","High",NA,28,"Northern California","Cold Temperate Northeast Pacific","Temperate Northern Pacific"
"Macrocystis pyrifera",885,"Demartini and Roberts (1990)","7","San Onofre California",33.383,-117.597,"OA",NA,2.884039321,1.890936809,NA,NA,0.048548156,0.337163325,"SE","density",4,31,"transect","225","Comparative study between areas of different kelp density","Mean Kelp and no kelp Fish densities estimated for areas where kelp density >1 and <1 resectively.",NA,NA,NA,NA,"Observational","Temporal","no","yes","no","no","no","transect","Fish Assemblages density ",33.383,-117.597,"Both",225,6975,NA,NA,NA,NA,NA,NA,NA,"11-01-86",NA,NA,NA,NA,NA,NA,NA,NA,0.097096312,1.87724594538828,0.295295069258569,0.295295069258569,0.0137582565142493,0.542046829856056,0.286455418312658,"Single","30","Multi","Erect","High",NA,4,"Southern California Bight","Warm Temperate Northeast Pacific","Temperate Northern Pacific"
"Macrocystis pyrifera",1386,"Villegas et al. (2019)","","Chipana Bay, Northern Chile",-21.333,-71.083,NA,"2007",0.905,0.19,1.235,0.302,0.33,0.112,"SE","Chromis crusma Density (N ind./9m2)",21,21,"3*3","9","Fish abundance, composition and spatial distribution were recorded weekly between 15 February 2007 and 11 April 2007","Fig. 2 Mean abundance of all six fish species (N fish/9 m2 ) recorded in experimental (forested) and control (barren) plots. The values correspond to mean  SD (n = 15);",NA,7,15,"kelp addition","Experimental","Spatial","no","yes","yes","no","no","Quadrat","Fish density (N ind./9m^2)",-21.333,-71.083,"Both",9,54,"na","na","na","na","na","na","na","na","Chromis crusma","Ovalentaria","Pomacentridae","3","Invertivore","24,5","na","Pelagic SA",1.51224997933543,0.513248477835054,0.470528701455226,0.470528701455226,0.0388661915040093,0.621215143922158,0.0998322411314075,"Single","30","Multi","Erect","High",NA,7,"Humboldtian","Warm Temperate Southeastern Pacific","Temperate South America"
"Macrocystis pyrifera",1387,"Villegas et al. (2019)","","Chipana Bay, Northern Chile",-21.333,-71.083,NA,"2007",0.523,0.048,0.726,0.096,0.203,0.048,"SE","Cheilodactylus variegatus Density (N ind./9m2)",21,21,"3*3","9","Fish abundance, composition and spatial distribution were recorded weekly between 15 February 2007 and 11 April 2007","Fig. 2 Mean abundance of all six fish species (N fish/9 m2 ) recorded in experimental (forested) and control (barren) plots. The values correspond to mean  SD (n = 15);",NA,7,15,"kelp addition","Experimental","Spatial","no","yes","yes","no","no","Quadrat","Fish density (N ind./9m^2)",-21.333,-71.083,"Both",9,54,"na","na","na","na","na","na","na","na","Cheilodactylus variegatus","Centrarchiformes","Cheilodactylidae","3,35","Invertivore","44","na","Demersal",0.930262866076036,0.21996363335788,0.373798488014174,0.373798488014174,0.019863886675657,0.689458484497274,0.100897059545777,"Single","30","Multi","Erect","High",NA,7,"Humboldtian","Warm Temperate Southeastern Pacific","Temperate South America"
"Macrocystis pyrifera",1390,"Villegas et al. (2019)","","Chipana Bay, Northern Chile",-21.333,-71.083,NA,"2007",0.048,0.048,0.096,0.096,0.048,0.048,"SE","Helcogrammoides chilensis Density (N ind./9m2)",21,21,"3*3","9","Fish abundance, composition and spatial distribution were recorded weekly between 15 February 2007 and 11 April 2007","Fig. 2 Mean abundance of all six fish species (N fish/9 m2 ) recorded in experimental (forested) and control (barren) plots. The values correspond to mean  SD (n = 15);",NA,7,15,"kelp addition","Experimental","Spatial","no","yes","yes","no","no","Quadrat","Fish density (N ind./9m^2)",-21.333,-71.083,"Both",9,54,"na","na","na","na","na","na","na","na","Helcogrammoides chilensis","Blenniiformes","Tripterygiidae","3,3","Invertivore","11,3","na","Benthic",0.21996363335788,0.21996363335788,0,0,0.00419555969931822,0,0.0952380952380952,"Single","30","Multi","Erect","High",NA,7,"Humboldtian","Warm Temperate Southeastern Pacific","Temperate South America"
"Macrocystis pyrifera",1389,"Villegas et al. (2019)","","Chipana Bay, Northern Chile",-21.333,-71.083,NA,"2007",0.286,0,0.457,0,0.171,0,"SE","Isacia conceptionis Density (N ind./9m2)",21,21,"3*3","9","Fish abundance, composition and spatial distribution were recorded weekly between 15 February 2007 and 11 April 2007","Fig. 2 Mean abundance of all six fish species (N fish/9 m2 ) recorded in experimental (forested) and control (barren) plots. The values correspond to mean  SD (n = 15);",NA,7,15,"kelp addition","Experimental","Spatial","no","yes","yes","no","no","Quadrat","Fish density (N ind./9m^2)",-21.333,-71.083,"Both",9,54,"na","na","na","na","na","na","na","na","Isacia conceptionis","Eupercaria","Haemulidae","2,91","Omnivore","60","na","Demersal",0.783620443837449,0,0.251536625815428,0.251536625815428,0.0176811408420386,0.506400291356831,0.0982909673224557,"Single","30","Multi","Erect","High",NA,7,"Humboldtian","Warm Temperate Southeastern Pacific","Temperate South America"
"Macrocystis pyrifera",884,"Demartini and Roberts (1990)","7","San Onofre California",33.383,-117.597,"OA",NA,2.527535442,1.732824427,NA,NA,0.064572125,0.113689092,"SE","density",7,28,"transect","225","Comparative study between areas of different kelp density","Mean Kelp and no kelp Fish densities estimated for areas where kelp density >1 and <1 resectively.",NA,NA,NA,NA,"Observational","Temporal","no","yes","no","no","no","transect","Fish Assemblages density ",33.383,-117.597,"Both",225,6300,NA,NA,NA,NA,NA,NA,NA,"11-01-85",NA,NA,NA,NA,NA,NA,NA,NA,0.170841784376977,0.601586128425486,0.255263789013097,0.255263789013097,0.00206574861099561,1.41434369288297,0.207148115451398,"Single","30","Multi","Erect","High",NA,4,"Southern California Bight","Warm Temperate Northeast Pacific","Temperate Northern Pacific"
"Macrocystis pyrifera",1382,"O'Connor and Anderson 2010","","Santa Catalina Island, South California",33.45,-118.483,"MPA","2005",85.77065385,77.69453846,87.69353846,80.38657692,1.92,2.69,"SE","Adult fish species abundance mean density (N ind./100m3)",4,4,"20*2*2","40","Fish density spatual comparison between 2 sites: 1) 0% kelp cover and 2) 100% kelp cover","Fig 2. Comparison of mean adult fish density between clearing patches treatments",400,365,13,"experiment","Experimental","Spatial","no","yes","no","yes","kelp","Transect","Fish density (N ind./100m^2)",33.45,-118.483,"Adult",40,320,"243,76","31","292,24","62","48,48","31","SE","01-07-05","na","na","na","na","na","na","na","Demersal",3.84,5.38,0.0976947191506889,0.0976947191506897,0.00165808136108799,1.50092730872399,0.640798924129589,"Single","30","Multi","Erect","High",NA,88,"Southern California Bight","Warm Temperate Northeast Pacific","Temperate Northern Pacific"
"Macrocystis pyrifera",1388,"Villegas et al. (2019)","","Chipana Bay, Northern Chile",-21.333,-71.083,NA,"2007",0.048,0,0.096,0,0.048,0,"SE","Halichoeres dispilus Density (N ind./9m2)",21,21,"3*3","9","Fish abundance, composition and spatial distribution were recorded weekly between 15 February 2007 and 11 April 2007","Fig. 2 Mean abundance of all six fish species (N fish/9 m2 ) recorded in experimental (forested) and control (barren) plots. The values correspond to mean  SD (n = 15);",NA,7,15,"kelp addition","Experimental","Spatial","no","yes","yes","no","no","Quadrat","Fish density (N ind./9m^2)",-21.333,-71.083,"Both",9,54,"na","na","na","na","na","na","na","na","Halichoeres dispilus","Eupercaria","Labridae","3,9","Carnivore","25","na","Benthic",0.21996363335788,0,0.0468835858988505,0.0468835858988505,0.00209777984965911,0.302777796580483,0.0963294570726444,"Single","30","Multi","Erect","High",NA,7,"Humboldtian","Warm Temperate Southeastern Pacific","Temperate South America"
"Macrocystis pyrifera",1385,"Villegas et al. (2019)","","Chipana Bay, Northern Chile",-21.333,-71.083,NA,"2007",1.905,0.571,2.18,0.734,0.275,0.163,"SE","Scartichthys spp. Density (N ind./9m2)",3,3,"3*3","9","Fish abundance, composition and spatial distribution were recorded weekly between 15 February 2007 and 11 April 2007","Fig. 2 Mean abundance of all six fish species (N fish/9 m2 ) recorded in experimental (forested) and control (barren) plots. The values correspond to mean  SD (n = 15);",NA,7,15,"kelp addition","Experimental","Spatial","no","yes","yes","no","no","Quadrat","Fish density (N ind./9m^2)",-21.333,-71.083,"Both",9,54,"na","na","na","na","na","na","na","na","Scartichthys spp.","Blenniiformes"," Blenniidae","2,56","Omnivore","22","na","Benthic",0.476313972081441,0.282324281633727,0.614721031030391,0.614721031030391,0.0197265615270832,2.71855148579528,1.28254351507664,"Single","30","Multi","Erect","High",NA,7,"Humboldtian","Warm Temperate Southeastern Pacific","Temperate South America"
"Macrocystis pyrifera",1391,"Villegas et al. (2019)","","Chipana Bay, Northern Chile",-21.333,-71.083,NA,"2007",3.714,0.586,4.3,0.785,0.586,0.199,"SE","Total fish density (N ind./9m2)",21,21,"3*3","9","Fish abundance, composition and spatial distribution were recorded weekly between 15 February 2007 and 11 April 2007","Fig. 2 Mean abundance of all six fish species (N fish/9 m2 ) recorded in experimental (forested) and control (barren) plots. The values correspond to mean  SD (n = 15);",NA,7,15,"kelp addition","Experimental","Spatial","no","yes","yes","no","no","Quadrat","Fish density (N ind./9m^2)",-21.333,-71.083,"Both",9,54,"na","na","na","na","na","na","na","na","na","na","na","na","na","na","na","na",2.68538935724412,0.911932563296212,1.08932168130128,1.08932168130128,0.0311965619556059,1.53035815604468,0.123119001021101,"Single","30","Multi","Erect","High",NA,7,"Humboldtian","Warm Temperate Southeastern Pacific","Temperate South America"
"Macrocystis pyrifera, Carpophyllum maschalocarpum , Cystophora spp",569,"Perez-Matus and Shima (2010)","28","Kau Bay, Wellington harbour ",-41.33333333,174.8,"OA","2 Month",5.19,9.18,NA,NA,4.5,3.44,"2SE","Mean Fish Assemblage",4,4,"","4","9 treatments, 8 have kelp versus 1 kelp were removed ","",5,7,6,"kelp addition","Experimental","Spatial","no","yes","no","no","kelp","transect","Fish assemblage density",-41.33333333,174.8,"Both",4,16,"1,8","0",NA,NA,"0,64","0","SE","12-04-06",NA,NA,NA,NA,NA,NA,NA,NA,4.5,3.44,-0.497489924425872,-0.497489924425872,0.160671672735023,-0.865325526923278,0.546799266721566,"Mixed","16.5","Multi","Erect","High",NA,120,"Central New Zealand","Southern New Zealand","Temperate Australasia"
"Macrocystis pyrifera, Carpophyllum maschalocarpum , Cystophora spp",568,"Perez-Matus and Shima (2010)","28","Taputeranga MR, Wellington ",-41.33333333,174.8,"MR","2 Month",9.8,4.16,NA,NA,13.4,1.15,"2SE","Mean Fish Assemblage",4,4,"","4","9 treatments, 8 have kelp versus 1 kelp were removed ","",5,7,6,"kelp addition","Experimental","Spatial","no","yes","no","no","kelp","transect","Fish assemblage density",-41.33333333,174.8,"Both",4,16,"11,75","10,75",NA,NA,"6","6,83","SE","12-04-06",NA,NA,NA,NA,NA,NA,NA,NA,13.4,1.15,0.738609554636703,0.738609554636703,0.397276956976707,0.515144413505625,0.516585860422878,"Mixed","16.5","Multi","Erect","High",NA,120,"Central New Zealand","Southern New Zealand","Temperate Australasia"
"Macrocystis pyrifera, Lessonia trabeculata",580,"Perez-Matus et al. (2012)","29","Caleta Angosta (Northern Chilean coast)",-28.25,-70.5,"MR","SeasoNAlly or every 3 months for 1 year from August 2004 to September 2007",5.193181818,0.227272727,NA,NA,0.528409091,0.113636364,"SE","Mean abundance of Fish Assemblage",8,8,"","200","Determine which observed kelp stand microhabitats found off Chile sustain greater richness abundance and diversity of fishes","From OrigiNAl data set",NA,NA,9,NA,"Observational","Spatial","no","yes","no","no","no","Transect","Mean abundance of Fish Assemblage",-28.25,-70.5,"Adult",200,2400,NA,NA,NA,NA,NA,NA,NA,NA,NA,NA,NA,NA,NA,NA,NA,NA,1.49456660594688,0.321412174295132,1.61865456773189,1.61865456773189,0.0158530785263927,4.34255335499519,0.839305301280624,"Mixed","15.75","Multi","Erect","High",NA,8,"Central Chile","Warm Temperate Southeastern Pacific","Temperate South America"
"Macrocystis pyrifera, Lessonia trabeculata",581,"Perez-Matus et al. (2012)","29","Caleta Angosta (Northern Chilean coast)",-28.25,-70.5,"MR","SeasoNAlly or every 3 months for 1 year from August 2004 to September 2008",9.793706294,0.227272727,NA,NA,2.533216783,0.113636364,"SE","Mean abundance of Fish Assemblage",8,8,"","200","Determine which observed kelp stand microhabitats found off Chile sustain greater richness abundance and diversity of fishes","From OrigiNAl data set",NA,NA,9,NA,"Observational","Spatial","no","yes","no","no","no","Transect","Mean abundance of Fish Assemblage",-28.25,-70.5,"Adult",200,2400,NA,NA,NA,NA,NA,NA,NA,NA,NA,NA,NA,NA,NA,NA,NA,NA,7.16501906189948,0.321412174295132,2.17416880128573,2.17416880128573,0.0636546044092064,1.78309796556963,0.349357448588079,"Mixed","15.75","Multi","Erect","High",NA,8,"Central Chile","Warm Temperate Southeastern Pacific","Temperate South America"
"Macrocystis pyrifera, Lessonia trabeculata",579,"Perez-Matus et al. (2012)","29","Caleta Constitucion (Northern Chilean coast)",-23.25,-70.5,"MR","SeasoNAlly or every 3 months for 1 year from August 2004 to September 2006",2.932142857,1.292857143,NA,NA,0.466071429,0.646428571,"SE","Mean abundance of Fish Assemblage",8,8,"","200","Determine which observed kelp stand microhabitats found off Chile sustain greater richness abundance and diversity of fishes","From OrigiNAl data set",NA,NA,8,NA,"Observational","Spatial","no","yes","no","no","no","Transect","Mean abundance of Fish Assemblage",-23.25,-70.5,"Adult",200,2400,NA,NA,NA,NA,NA,NA,NA,NA,NA,NA,NA,NA,NA,NA,NA,NA,1.31824907185282,1.82837610442732,0.539385832934083,0.539385832934083,0.0935343818756137,0.972232636389981,0.279538634351932,"Mixed","15.75","Multi","Erect","High",NA,8,"Humboldtian","Warm Temperate Southeastern Pacific","Temperate South America"
"Macrocystis pyrifera, Lessonia trabeculata",582,"Perez-Matus et al. (2012)","29","Caleta Angosta (Northern Chilean coast)",-28.25,-70.5,"MR","SeasoNAlly or every 3 months for 1 year from August 2004 to September 2008",15.07142857,0.333333333,NA,NA,3.535714286,0.166666667,"SE","Mean abundance of Fish Assemblage",8,8,"","200","Determine which observed kelp stand microhabitats found off Chile sustain greater richness abundance and diversity of fishes","From OrigiNAl data set",NA,NA,9,NA,"Observational","Spatial","no","yes","no","no","no","Transect","Mean abundance of Fish Assemblage",-28.25,-70.5,"Adult",200,2400,NA,NA,NA,NA,NA,NA,NA,NA,NA,NA,NA,NA,NA,NA,NA,NA,10.000510191875,0.471404521733841,2.48936100029849,2.48936100029849,0.0640250000867392,1.96795994661747,0.371027073484082,"Mixed","15.75","Multi","Erect","High",NA,8,"Central Chile","Warm Temperate Southeastern Pacific","Temperate South America"
"Macrocystis pyrifera, Lessonia trabeculata",577,"Perez-Matus et al. (2012)","29","Caleta Constitucion (Northern Chilean coast)",-23.25,-70.5,"MR","SeasoNAlly or every 3 months for 1 year from August 2004 to September 2006",5.423958333,2.03125,NA,NA,1.142708333,1.03125,"SE","Mean abundance of Fish Assemblage",8,8,"","200","Determine which observed kelp stand microhabitats found off Chile sustain greater richness abundance and diversity of fishes","From OrigiNAl data set",NA,NA,8,NA,"Observational","Spatial","no","yes","no","no","no","Transect","Mean abundance of Fish Assemblage",-23.25,-70.5,"Adult",200,2400,NA,NA,NA,NA,NA,NA,NA,NA,NA,NA,NA,NA,NA,NA,NA,NA,3.2320672447307,2.91681547239451,0.751059414774065,0.751059414774065,0.147382353023265,1.04177586095496,0.283915529514639,"Mixed","15.75","Multi","Erect","High",NA,8,"Humboldtian","Warm Temperate Southeastern Pacific","Temperate South America"
"Macrocystis pyrifera, Lessonia trabeculata",578,"Perez-Matus et al. (2012)","29","Caleta Constitucion (Northern Chilean coast)",-23.25,-70.5,"MR","SeasoNAlly or every 3 months for 1 year from August 2004 to September 2006",4.75,0.615384615,NA,NA,0.903846154,0.307692308,"SE","Mean abundance of Fish Assemblage",8,8,"","200","Determine which observed kelp stand microhabitats found off Chile sustain greater richness abundance and diversity of fishes","From OrigiNAl data set",NA,NA,8,NA,"Observational","Spatial","no","yes","no","no","no","Transect","Mean abundance of Fish Assemblage",-23.25,-70.5,"Adult",200,2400,NA,NA,NA,NA,NA,NA,NA,NA,NA,NA,NA,NA,NA,NA,NA,NA,2.55646297857112,0.870285270022959,1.26962677478547,1.26962677478547,0.0609900751102206,2.04674634147211,0.380911580822796,"Mixed","15.75","Multi","Erect","High",NA,8,"Humboldtian","Warm Temperate Southeastern Pacific","Temperate South America"
"Macrocystis pyrifera, Lessonia trabeculata",572,"Perez-Matus et al. (2012)","29","Caleta Rio Seco (Northern Chilean coast)",-21,-70.5,"MR","SeasoNAlly or every 3 months for 1 year from August 2004 to September 2005",4.381313131,1.464646465,NA,NA,0.468434343,0.176767677,"SE","Mean abundance of Fish Assemblage",8,8,"","200","Determine which observed kelp stand microhabitats found off Chile sustain greater richness abundance and diversity of fishes","From OrigiNAl data set",NA,NA,9,NA,"Observational","Spatial","no","yes","no","no","no","Transect","Mean abundance of Fish Assemblage",-21,-70.5,"Adult",200,2400,NA,NA,NA,NA,NA,NA,NA,NA,NA,NA,NA,NA,NA,NA,NA,NA,1.32493240190386,0.499974492405173,0.780884045483893,0.780884045483893,0.0127213589909013,2.75336068102249,0.48690609499377,"Mixed","15.75","Multi","Erect","High",NA,8,"Humboldtian","Warm Temperate Southeastern Pacific","Temperate South America"
"Macrocystis pyrifera, Lessonia trabeculata",576,"Perez-Matus et al. (2012)","29","Caleta Constitucion (Northern Chilean coast)",-23.25,-70.5,"MR","SeasoNAlly or every 3 months for 1 year from August 2004 to September 2006",6.087698413,1.05,NA,NA,1.226587302,0.05,"SE","Mean abundance of Fish Assemblage",8,8,"","200","Determine which observed kelp stand microhabitats found off Chile sustain greater richness abundance and diversity of fishes","From OrigiNAl data set",NA,NA,8,NA,"Observational","Spatial","no","yes","no","no","no","Transect","Mean abundance of Fish Assemblage",-23.25,-70.5,"Adult",200,2400,NA,NA,NA,NA,NA,NA,NA,NA,NA,NA,NA,NA,NA,NA,NA,NA,3.46931279584605,0.14142135623731,1.24052087029125,1.24052087029125,0.0305441697424772,1.9395777729222,0.367561310537932,"Mixed","15.75","Multi","Erect","High",NA,8,"Humboldtian","Warm Temperate Southeastern Pacific","Temperate South America"
"Macrocystis pyrifera, Lessonia trabeculata",882,"Angel and Ojeda (2001)","6","Caleta Errazuriz/Carrizal Bajo",-25.734,-70.583,"MEABR","Quarterly for 1 year (July 1996-Nov 1997)",1.99,1.6072,NA,NA,NA,NA,NA,"total relative abundance in terms of CPUE of total assemblages",12,12,"three 3x40 m gillnets","","Relative abundance in terms of CPUE of all species captured in the subtidal zones domiNAted by kelp (Lessonia trabeculata and Macrocystis pyrifera) at Caleta Errazuriz and no kelp atRCarrizal Bajo","Entire fish assemblages",NA,NA,10,"barren","Observational","Spatial","no","yes","no","no","no","Net","Total Abundance ",-25.734,-70.583,"Adult",120,360,NA,NA,NA,NA,NA,NA,NA,NA,NA,NA,NA,NA,NA,NA,NA,NA,NA,NA,0.13699653886138,0.136996538861381,NA,NA,NA,"Mixed","15.75","Multi","Erect","High",NA,29,"Central Chile","Warm Temperate Southeastern Pacific","Temperate South America"
"Macrocystis pyrifera, Lessonia trabeculata",603,"Perez-Matus et al. (2012)","29","Lagunillas (Northern Chilean coast)",-30.083,-70.5,"OA","SeasoNAlly or every 3 months for 1 year from August 2004 to September 2010",7,5.5,NA,NA,0.5,0.25,"SE","Mean Species Richness",8,8,"","200","Determine which observed kelp stand microhabitats found off Chile sustain greater richness abundance and diversity of fishes","From OrigiNAl data set",NA,NA,12,NA,"Observational","Spatial","no","yes","no","no","no","Transect","Mean abundance of Fish Assemblage",-30.083,-70.5,"Both",200,2400,NA,NA,NA,NA,NA,NA,NA,NA,NA,NA,NA,NA,NA,NA,NA,NA,1.4142135623731,0.707106781186548,0.207639364778244,0.207639364778245,0.0053855399408284,1.26823657261587,0.300263250128764,"Mixed","15.75","Multi","Erect","High",NA,8,"Central Chile","Warm Temperate Southeastern Pacific","Temperate South America"
"Macrocystis pyrifera, Lessonia trabeculata",574,"Perez-Matus et al. (2012)","29","Caleta Rio Seco (Northern Chilean coast)",-21,-70.5,"MR","SeasoNAlly or every 3 months for 1 year from August 2004 to September 2005",7.75,0,NA,NA,7.712352585,0,"SE","Mean abundance of Fish Assemblage",8,8,"","200","Determine which observed kelp stand microhabitats found off Chile sustain greater richness abundance and diversity of fishes","From OrigiNAl data set",NA,NA,9,NA,"Observational","Spatial","no","yes","no","no","no","Transect","Mean abundance of Fish Assemblage",-21,-70.5,"Adult",200,2400,NA,NA,NA,NA,NA,NA,NA,NA,NA,NA,NA,NA,NA,NA,NA,NA,21.8138272470204,0,2.16905370036952,2.16905370036952,0.776886627204652,0.474951049072647,0.257049328094225,"Mixed","15.75","Multi","Erect","High",NA,8,"Humboldtian","Warm Temperate Southeastern Pacific","Temperate South America"
"Macrocystis pyrifera, Lessonia trabeculata",575,"Perez-Matus et al. (2012)","29","Caleta Rio Seco (Northern Chilean coast)",-21,-70.5,"MR","SeasoNAlly or every 3 months for 1 year from August 2004 to September 2005",5.386363636,2.045454545,NA,NA,1.670454545,0.522727273,"SE","Mean abundance of Fish Assemblage",8,8,"","200","Determine which observed kelp stand microhabitats found off Chile sustain greater richness abundance and diversity of fishes","From OrigiNAl data set",NA,NA,9,NA,"Observational","Spatial","no","yes","no","no","no","Transect","Mean abundance of Fish Assemblage",-21,-70.5,"Adult",200,2400,NA,NA,NA,NA,NA,NA,NA,NA,NA,NA,NA,NA,NA,NA,NA,NA,4.72475894573356,1.47849599779781,0.740514869475148,0.740514869475149,0.0978775911619123,0.902148943151129,0.275433522363397,"Mixed","15.75","Multi","Erect","High",NA,8,"Humboldtian","Warm Temperate Southeastern Pacific","Temperate South America"
"Macrocystis pyrifera, Lessonia trabeculata",573,"Perez-Matus et al. (2012)","29","Caleta Rio Seco (Northern Chilean coast)",-21,-70.5,"MR","SeasoNAlly or every 3 months for 1 year from August 2004 to September 2005",9.773076923,0,NA,NA,0.213461538,0,"SE","Mean abundance of Fish Assemblage",8,8,"","200","Determine which observed kelp stand microhabitats found off Chile sustain greater richness abundance and diversity of fishes","From OrigiNAl data set",NA,NA,9,NA,"Observational","Spatial","no","yes","no","no","no","Transect","Mean abundance of Fish Assemblage",-21,-70.5,"Adult",200,2400,NA,NA,NA,NA,NA,NA,NA,NA,NA,NA,NA,NA,NA,NA,NA,NA,0.60376040416924,0,2.37705014423744,2.37705014423744,0.000392608544166851,21.6394245526411,14.8832717177952,"Mixed","15.75","Multi","Erect","High",NA,8,"Humboldtian","Warm Temperate Southeastern Pacific","Temperate South America"
"Macrocystis, Pterygophora, Laminaria farlowii, Eisenia arborea, Egregia menziesii, Cystoseira osmundacea",822,"Holbrook et al. (1990)","18","Southern California Bight",33.688,-118.401,"OA",NA,0.4,0.7,NA,NA,NA,NA,NA,"Mean Planktivore Frequency",15,11,"Frequency","16 - 30 m transects at each reef (variable widths by each taxa group)","Reefs with Macrocystis pyrifera present vs open barren reefs","these data are frequency of occurrance, not a density",NA,NA,24,NA,"Observational","Spatial","no","yes","no","no","no","transect, video","fish density and frequency of occurrance acroos kelp beds and barrens",33.688,-118.401,"Both",90,675,NA,NA,NA,NA,NA,NA,NA,NA,NA,NA,NA,NA,NA,NA,NA,NA,NA,NA,-0.194156014440957,-0.194156014440958,NA,NA,NA,"Mixed","6.416666667","Multi","Erect","High",NA,22,"Southern California Bight","Warm Temperate Northeast Pacific","Temperate Northern Pacific"
"Macrocystis, Pterygophora, Laminaria farlowii, Eisenia arborea, Egregia menziesii, Cystoseira osmundacea",820,"Holbrook et al. (1990)","18","Southern California Bight",33.688,-118.401,"OA",NA,0.43,0.43,NA,NA,NA,NA,NA,"Mean Micro-invertebrate consumer Frequency",15,11,"Frequency","16 - 30 m transects at each reef (variable widths by each taxa group)","Reefs with Macrocystis pyrifera present vs open barren reefs","these data are frequency of occurrance, not a density",NA,NA,24,NA,"Observational","Spatial","no","yes","no","no","no","transect, video","fish density and frequency of occurrance acroos kelp beds and barrens",33.688,-118.401,"Both",90,675,NA,NA,NA,NA,NA,NA,NA,NA,NA,NA,NA,NA,NA,NA,NA,NA,NA,NA,0,0,NA,NA,NA,"Mixed","6.416666667","Multi","Erect","High",NA,22,"Southern California Bight","Warm Temperate Northeast Pacific","Temperate Northern Pacific"
"Macrocystis, Pterygophora, Laminaria farlowii, Eisenia arborea, Egregia menziesii, Cystoseira osmundacea",821,"Holbrook et al. (1990)","18","Southern California Bight",33.688,-118.401,"OA",NA,0.42,0.48,NA,NA,NA,NA,NA,"Mean Herbivore Frequency",15,11,"Frequency","16 - 30 m transects at each reef (variable widths by each taxa group)","Reefs with Macrocystis pyrifera present vs open barren reefs","these data are frequency of occurrance, not a density",NA,NA,24,NA,"Observational","Spatial","no","yes","no","no","no","transect, video","fish density and frequency of occurrance acroos kelp beds and barrens",33.688,-118.401,"Both",90,675,NA,NA,NA,NA,NA,NA,NA,NA,NA,NA,NA,NA,NA,NA,NA,NA,NA,NA,-0.0413852161628543,-0.0413852161628544,NA,NA,NA,"Mixed","6.416666667","Multi","Erect","High",NA,22,"Southern California Bight","Warm Temperate Northeast Pacific","Temperate Northern Pacific"
"Macrocystis, Pterygophora, Laminaria farlowii, Eisenia arborea, Egregia menziesii, Cystoseira osmundacea",818,"Holbrook et al. (1990)","18","Southern California Bight",33.688,-118.401,"OA",NA,0.53,0.45,NA,NA,NA,NA,NA,"Mean Piscivore Frequency",15,11,"Frequency","16 - 30 m transects at each reef (variable widths by each taxa group)","Reefs with Macrocystis pyrifera present vs open barren reefs","no temporal replication. these data are frequency of occurrance, not a density",NA,NA,24,NA,"Observational","Spatial","no","yes","no","no","no","transect, video","fish density and frequency of occurrance acroos kelp beds and barrens",33.688,-118.401,"Both",90,1170,NA,NA,NA,NA,NA,NA,NA,NA,NA,NA,NA,NA,NA,NA,NA,NA,NA,NA,0.0537041789718611,0.0537041789718612,NA,NA,NA,"Mixed","6.416666667","Multi","Erect","High",NA,22,"Southern California Bight","Warm Temperate Northeast Pacific","Temperate Northern Pacific"
"Macrocystis, Pterygophora, Laminaria farlowii, Eisenia arborea, Egregia menziesii, Cystoseira osmundacea",819,"Holbrook et al. (1990)","18","Southern California Bight",33.688,-118.401,"OA",NA,0.25,0.48,NA,NA,NA,NA,NA,"Mean Macro-invertebrate consumer Frequency",15,11,"Frequency","16 - 30 m transects at each reef (variable widths by each taxa group)","Reefs with Macrocystis pyrifera present vs open barren reefs","no temporal replication. these data are frequency of occurrance, not a density",NA,NA,24,NA,"Observational","Spatial","no","yes","no","no","no","transect, video","fish density and frequency of occurrance acroos kelp beds and barrens",33.688,-118.401,"Both",90,675,NA,NA,NA,NA,NA,NA,NA,NA,NA,NA,NA,NA,NA,NA,NA,NA,NA,NA,-0.168898536461814,-0.168898536461814,NA,NA,NA,"Mixed","6.416666667","Multi","Erect","High",NA,22,"Southern California Bight","Warm Temperate Northeast Pacific","Temperate Northern Pacific"
"Nereocystis luetkeana",22,"Siddon et al. (2008)","2","Inside passage of southeastern Alaska 6",58.381,-134.646,"OA","July 2003-March2004",0.2915,0.085,0.42,0.165,0.5485,0.245,"2SE","Fish abundance",6,6,"by Smurf","/Smurf","Nereocystis luetkeana vs No Canopy","Fig. 3A combined depth",1500,30,7,"experiment","Experimental","Temporal","no","yes","no","no","kelp","SMURF/light trap","Fish assemblage juvenile",58.381,-134.646,"Juvenile",NA,NA,NA,NA,NA,NA,NA,NA,NA,NA,NA,NA,NA,NA,NA,NA,NA,NA,0.671772561958286,0.300062493490939,0.174224346561335,0.174224346561335,0.0578396526764422,0.366261828114048,0.338922821947227,"Single","35","Multi","Erect","Low",NA,6,"North American Pacific Fijordland","Cold Temperate Northeast Pacific","Temperate Northern Pacific"
"Nereocystis luetkeana",18,"Siddon et al. (2008)","2","Inside passage of southeastern Alaska 2",58.381,-134.646,"OA","July 2003-March2004",0.25,0.12,0.3,0.2,0.05,0.08,"2SE","Fish abundance",10,10,"2m3","2","Nereocystis luetkeana vs No Canopy","Fig. 4",1500,30,7,"experiment","Experimental","Temporal","no","yes","no","no","kelp","transect","Fish assemblage",58.381,-134.646,"Both",20,200,NA,NA,NA,NA,NA,NA,NA,NA,NA,NA,NA,NA,NA,NA,NA,NA,0.0790569415042095,0.126491106406735,0.109814866007206,0.109814866007206,0.00167551020408163,1.18031665445929,0.234828685119849,"Single","35","Multi","Erect","Low",NA,6,"North American Pacific Fijordland","Cold Temperate Northeast Pacific","Temperate Northern Pacific"
"Nereocystis luetkeana",21,"Siddon et al. (2008)","2","Inside passage of southeastern Alaska 5",58.381,-134.646,"OA","July 2003-March2004",0.705,0.385,0.865,0.505,1.025,0.625,"2SE","Fish abundance",12,12,"by Smurf","/Smurf","Nereocystis luetkeana vs No Canopy","Fig. 3A combined depth",1500,30,7,"experiment","Experimental","Temporal","no","yes","no","no","kelp","SMURF/light trap","Fish assemblage juvenile",58.381,-134.646,"Juvenile",NA,NA,NA,NA,NA,NA,NA,NA,NA,NA,NA,NA,NA,NA,NA,NA,NA,NA,1.7753520777581,1.08253175473055,0.207864971096178,0.207864971096178,0.141261945313538,0.210118732271266,0.167586455867735,"Single","35","Multi","Erect","Low",NA,6,"North American Pacific Fijordland","Cold Temperate Northeast Pacific","Temperate Northern Pacific"
"Nereocystis luetkeana",17,"Siddon et al. (2008)","2","Inside passage of southeastern Alaska 1",58.381,-134.646,"OA","July 2003-March2004",5.82,37.86,9.16,49.7,3.34,11.84,"2SE","Fish abundance",10,10,"1*20","20","Nereocystis luetkeana vs No Canopy","Fig. 4",1500,30,7,"experiment","Experimental","Temporal","no","yes","no","no","kelp","transect","Fish assemblage",58.381,-134.646,"Both",20,200,NA,NA,NA,NA,NA,NA,NA,NA,NA,NA,NA,NA,NA,NA,NA,NA,5.28100369248119,18.7206837481968,-1.74010597209392,-1.74010597209392,0.0831683602757554,-2.23081782993078,0.324413704758427,"Single","35","Multi","Erect","Low",NA,6,"North American Pacific Fijordland","Cold Temperate Northeast Pacific","Temperate Northern Pacific"
"Sargassum filipendula",359,"Levin and Hay (1996)","22","The coast of Wilmington North Carolina USA",34.17,-77.387,NA,"Jul-93",9.5,2,NA,NA,2.1,0.32,"SE","Density of fishes (by family) in plots with and without Sargassum added",8,8,"#/1.5m2","1,5","Examined whether fishes responded to presence of kelp (Sargassum)","Table 1",NA,15,30,"kelp addition","Experimental","Spatial","no","yes","no","no","no","Net","total abundance",34.17,-77.387,"Both",1.5,12,NA,NA,NA,NA,NA,NA,NA,NA,NA,NA,NA,NA,NA,NA,NA,NA,5.939696961967,0.905096679918781,1.25276296849537,1.25276296849537,0.0513777777777778,1.66875082280557,0.337022790894196,"Single","1.5","Multi","Erect","Low",NA,1,"Carolinian","Warm Temperate Northwest Atlantic","Temperate Northern Atlantic"
"Undaria pinnatifida",338,"Irigoyen et al. (2011)","20","Patagonia Argentina",-42.726,-64.613,"OA","During late winter (August/September of 2007) and during late spring-early summer (December of 2007)",15.14,12.2,NA,NA,4.37,10.21,"SD","Abundance of  all species combined on reefs with and without Undaria",21,21,"# individuals/25m linear transect",NA,"This study aims to assess the impact of Undaria on the abundance of four species of rocky-reef fishes by an observatioNAl experiment.","Table 1",NA,NA,10,NA,"Observational","Spatial","no","yes","no","no","no","transect","total abundance",-42.726,-64.613,"Both",125,2625,NA,NA,NA,NA,NA,NA,NA,NA,NA,NA,NA,NA,NA,NA,NA,NA,4.37,10.21,0.201083833249478,0.201083833249478,0.0319803600303777,0.367305362857276,0.0968442051140918,"Single","0.6","Single","Erect","Low",NA,18,"North Patagonian Gulfs","Magellanic","Temperate South America"
"Undaria pinnatifida",331,"Irigoyen et al. (2011)","20","Patagonia Argentina",-42.726,-64.613,"OA","During late winter (August/September of 2007) and during late spring-early summer (December of 2007)",14.5,42,NA,NA,17.69,37.41,"SD","Abundance of  all species combined on reefs with and without Undaria",21,21,"# individuals/25m linear transect",NA,"This study aims to assess the impact of Undaria on the abundance of four species of rocky-reef fishes by an observatioNAl experiment.","Table 1",NA,NA,10,NA,"Observational","Spatial","no","yes","no","no","no","transect","total abundance",-42.726,-64.613,"Both",125,2625,NA,NA,NA,NA,NA,NA,NA,NA,NA,NA,NA,NA,NA,NA,NA,NA,17.69,37.41,-1.02036009176836,-1.02036009176836,0.0980687428769635,-0.922057810297211,0.105359411970596,"Single","0.6","Single","Erect","Low",NA,18,"North Patagonian Gulfs","Magellanic","Temperate South America"
"Undaria pinnatifida",330,"Irigoyen et al. (2011)","20","Patagonia Argentina",-42.726,-64.613,"OA","During late winter (August/September of 2007) and during late spring-early summer (December of 2007)",29.75,32.6,NA,NA,30.67,38.23,"SD","Abundance of  all species combined on reefs with and without Undaria",21,21,"# individuals/25m linear transect",NA,"This study aims to assess the impact of Undaria on the abundance of four species of rocky-reef fishes by an observatioNAl experiment.","Table 1",NA,NA,10,NA,"Observational","Spatial","no","yes","no","no","no","transect","total abundance",-42.726,-64.613,"Both",125,2625,NA,NA,NA,NA,NA,NA,NA,NA,NA,NA,NA,NA,NA,NA,NA,NA,30.67,38.23,-0.088636072716632,-0.0886360727166317,0.10901842563504,-0.0806818031024831,0.0953155899208556,"Single","0.6","Single","Erect","Low",NA,18,"North Patagonian Gulfs","Magellanic","Temperate South America"
"Undaria pinnatifida",339,"Irigoyen et al. (2011)","20","Patagonia Argentina",-42.726,-64.613,"OA","During late winter (August/September of 2007) and during late spring-early summer (December of 2007)",25.43,23.4,NA,NA,8.94,15.37,"SD","Abundance of  all species combined on reefs with and without Undaria",21,21,"# individuals/25m linear transect",NA,"This study aims to assess the impact of Undaria on the abundance of four species of rocky-reef fishes by an observatioNAl experiment.","Table 1",NA,NA,10,NA,"Observational","Spatial","no","yes","no","no","no","transect","total abundance",-42.726,-64.613,"Both",125,2625,NA,NA,NA,NA,NA,NA,NA,NA,NA,NA,NA,NA,NA,NA,NA,NA,8.94,15.37,0.0799165963170414,0.0799165963170417,0.0243433873485484,0.158407560038821,0.0955368208937792,"Single","0.6","Single","Erect","Low",NA,18,"North Patagonian Gulfs","Magellanic","Temperate South America"
